wp_ID,wp_post_title,wp_post_name,cf__sku,Source
3584,Sweetheart Playsuit in White,sweetheart-playsuit-in-white,SPW000,sweetheart-playsuit-white.html
3577,Sweetheart Playsuit in Pink,sweetheart-playsuit-in-pink,SPP000,sweetheart-playsuit-pink.html
3445,Blue Sequined Party Dress,blue-sequined-party-dress,SPDRS000,blue-sequined-party-dress.html
3654,Casual Kelly Tee in Grey -  Medium,casual-kelly-tee-in-grey-medium,CKT001,casual-kelly-tee-grey-medium.html
3537,Night on the town mesh dress in black,night-on-the-town-mesh-dress-in-black,NTM000,night-mesh-dress-black.html
3544,Pretty Meshy Dress in Black,pretty-meshy-dress-in-black,PDM000,pretty-meshy-dress-black.html
3551,Sexy Leopard Shift Dress,sexy-leopard-shift-dress,LSD000,sexy-leopard-shift-dress.html
3558,Show Stopper Playsuit in Blue,show-stopper-playsuit-in-blue,SSP000,show-stopper-playsuit-blue.html
3573,Summer Suzie Tee Dress in Blue,summer-suzie-tee-dress-in-blue,SST001,summer-suzie-tee-dress-blue.html
3569,Summer Suzie Tee Dress in Red,summer-suzie-tee-dress-in-red,SST000,summer-suzie-tee-dress-red.html
3648,Brat Tee in Black,brat-tee-in-black,BT000,brat-tee-black-453.html
3666,Kool Kim Top in White,kool-kim-top-in-white,KKT000,kool-kim-top-white.html
3673,Criss Cross Top in White,criss-cross-top-in-white,CRT000,criss-cross-top-white.html
3680,Dare to Dream Playsuit in Black,dare-to-dream-playsuit-in-black,DTD000,dare-to-dream-playsuit-black.html
3698,Hugs & Kiss Party Dress in Red,hugs-kiss-party-dress-in-red,HKP000,hugs-kiss-party-dress-in-red.html
3714,Lost Tee in Grey,lost-tee-in-grey,LTG000,lost-tee-grey.html
3720,Playful Lace Top in White,playful-lace-top-in-white,PLT000,playful-lace-top-white.html
3725,Polka Dot Princess Tee in Black,polka-dot-princess-tee-in-black,PDP000,ploka-dot-princess-tee-black.html
3732,Pretty in Pink Playsuit,pretty-in-pink-playsuit,PIP000,pretty-in-pink-playsuit.html
3755,Romeo Crop Top in Black ,romeo-crop-top-in-black,RCT000,romeo-crop-top-black.html
3761,Sassy Anne Jumpsuit in Blue,sassy-anne-jumpsuit-in-blue,SAJ000,sassy-anne-jumpsuit-blue.html
3789,Wave Mesh Playsuit in White,wave-mesh-playsuit-in-white,WMP000,wave-mesh-playsuit-white.html
3850,Blue Mist Day Dress,blue-mist-day-dress,BMDD000,blue-mist-day-dress.html
3871,Bluebell Day Dress in Navy,bluebell-day-dress-in-navy,BBD000,bluebell-day-dress-navy-586.html
3878,Southern Comfort Maxi Dress in Black,southern-comfort-maxi-dress-in-black,SCM000,southern-comfort-maxi-dress-black.html
3884,Ruched Maxi Dress in Black,ruched-maxi-dress-in-black,RMB000,ruched-maxi-dress-black.html
3891,Ruched Maxi Dress in White,ruched-maxi-dress-in-white,RMW000,ruched-maxi-dress-white.html
3692,Grey Butterfly Day Dress,grey-butterfly-day-dress,GBD000,grey-butterfly-day-dress.html
3843,Symphony Party Dress in Navy,symphony-party-dress-in-navy,SDN000,smphony-party-dress-navy.html
3818,Mariana Playsuit in Black,mariana-playsuit-in-black,MPB000,mariana-playsuit-black.html
3834,Voltage Playsuit in Black,voltage-playsuit-in-black,VPB000,voltage-playsuit-black.html
3826,Tanya Pinstripe Playsuit in Black,tanya-pinstripe-playsuit-in-black,TPP000,tanya-pinstripe-playsuit-black.html
3484,Black Bombshell Dress,black-bombshell-dress,BBS001,black-bombshell-dress.html
3864,Crystal Clear Playsuit in White,crystal-clear-playsuit-in-white,CCP000,crystal-clear-playsuit-white.html
3857,Swing Party Dress in White,swing-party-dress-in-white,SPDW000,swing-party-dress-white.html
3500,Just A Little Naughty Playsuit in White ,just-a-little-naughty-playsuit-in-white,NPS000,just-a-little-naughty-playsuit-white.html
3628,African Safari Playsuit in White,african-safari-playsuit-in-white,ASP000,african-safari-playsuit-white.html
3635,Beach Babe Playsuit in Pink,beach-babe-playsuit-in-pink,BBP000,beach-babe-playsuit-pink.html
3522,Let's Play Dress in Red ,let-s-play-dress-in-red,LPD000,lets-play-dress-red.html
3641,Black or White Day Dress,black-or-white-day-dress,BWDD000,black-or-white-day-dress.html
3703,Hugs & Kiss Party Dress in White,hugs-kiss-party-dress-in-white,HKP004,hugs-kiss-party-dress-in-white.html
3748,Red Lips Party Dress ,red-lips-party-dress,RLP000,red-lips-party-dress.html
3768,Senorita Party Dress,senorita-party-dress,SPD000,senorita-party-dress-black.html
3781,Vixen Dress in White,vixen-dress-in-white,VPW000,vixen-dress-white.html
3418,Cascade Halter Neck Dress - 12,cascade-halter-neck-dress-12,ODRH003,cascade-halter-neck-dress-large.html
3417,Cascade Halter Neck Dress - 10,cascade-halter-neck-dress-10,ODRH002,cascade-halter-neck-dress-medium.html
3416,Cascade Halter Neck Dress - 8,cascade-halter-neck-dress-8,ODRH001,cascade-halter-neck-dress-small.html
3419,Cascade Halter Neck Dress ,cascade-halter-neck-dress,ODRH000,halter-neck-dress.html
3709,Look At Me Party Dress in Black,look-at-me-party-dress-in-black,LAM000,look-at-me-party-dress-black.html
3608,Endless Splendour Dress in Black,endless-splendour-dress-in-black,EPD000,endless-splendour-black.html
3739,Princess Playsuit in Pink,princess-playsuit-in-pink,PPP000,princess-playsuit-in-pink.html
3279,Bohemian Anchor Bracelet - White,bohemian-anchor-bracelet-white,BRACE008,bohemian-anchor-bracelet-white.html
3863,Swing Party Dress in White,swing-party-dress-in-white-2,SPDW003,swing-party-dress-white-594.html
3491,Call Me Playsuit in Black,call-me-playsuit-in-black,CMP000,call-me-playsuit-black.html
3796,Test Product (NOT FOR SALE),test-product-not-for-sale,TEST001,test.html
3488,Black Rose Shift Dress ,black-rose-shift-dress,BRS001,black-rose-shift-dress.html
3518,Free Shift Dress in Purple,free-shift-dress-in-purple,FSD001,free-shift-dress-purple.html
3591,Watch Out Party Dress in Black ,watch-out-party-dress-in-black,WOP000,watch-out-dress-black.html
3599,Black & Cream Striped Bodycon Dress,black-cream-striped-bodycon-dress,BWS000,bodycon-dress-464.html
3616,Red Sequined Party Dress,red-sequined-party-dress,RSD000,red-sequined-party-dress.html
3659,City Chic Party Dress in White,city-chic-party-dress-in-white,CCD000,city-chic-party-dress-white.html
3775,Serenity Floral Print Maxi Dress,serenity-floral-print-maxi-dress,SFM000,serenity-floral-maxi-dress.html
3512,Come Hither Bodycon in Black ,come-hither-bodycon-in-black,CHB000,come-hither-bodycon-black-403.html
3529,Lolita Playsuit in White,lolita-playsuit-in-white,LPW000,lolita-playsuit-white.html
3563,Summer Fun Playsuit in Red,summer-fun-playsuit-in-red,SFP000,summer-fun-playsuit-in-red.html
3686,Florista Playsuit in Black,florista-playsuit-in-black,FPB000,florista-playsuit-black.html
3394,Casual Floral Print Day Dress,casual-floral-print-day-dress,ADDRS000,antique-day-dress.html
3430,Kaleidoscope Maxi Dress - Small,kaleidoscope-maxi-dress-small,MDDRS001,kaleidoscope-maxi-dress-small.html
3431,Kaleidscope Maxi Dress - Large ,kaleidscope-maxi-dress-large,MDDRS003,kaleidoscope-maxi-dress-large.html
3432,Kaleidoscope Maxi Dress - Medium,kaleidoscope-maxi-dress-medium,MDDRS002,kaleidoscope-maxi-dress-medium.html
3413,Black Strapless Party Dress ,black-strapless-party-dress,BBDRS000,black-backless-party-dress.html
3402,Basic Party Dress in Black,basic-party-dress-in-black,BLDRS000,basic-party-dress-black.html
3405,Ruffled Leopard Print Skater Dress,ruffled-leopard-print-skater-dress,LDDRS000,ruffled-leopard-print-skater-dress.html
3433,Kaleidoscope Maxi Dress,kaleidoscope-maxi-dress,MDDRS000,sleeveless-multiprint-maxi-dress.html
3442,Sexy Black Beach Dress,sexy-black-beach-dress,BDDRS000,sexy-black-beach-dress.html
3627,Red Sequined Party Dress - Medium,red-sequined-party-dress-medium,RSD001,red-sequined-party-dress-medium.html
3444,Blue Sequined Party Dress - Medium ,blue-sequined-party-dress-medium,SPDRS001,blue-sequined-party-dress-medium.html
3427,Midnight Magic Lace Dress in Black,midnight-magic-lace-dress-in-black,SBDRS000,midnight-magic-lace-dress-black.html
3052,Silver Hoop Earrings,silver-hoop-earrings,EAR002,hoop-earrings-silver.html
3056,Rustic Make A Wish Rings - Belief,rustic-make-a-wish-rings-belief,RING002,stackable-rings-belief.html
3060,Rustic Make A Wish Rings - Hope,rustic-make-a-wish-rings-hope,RING003,stackable-rings-hope.html
3068,Rustic Make A Wish Rings - Peace,rustic-make-a-wish-rings-peace,RING005,stackable-rings-peace.html
3064,Rustic Make A Wish Rings - Love,rustic-make-a-wish-rings-love,RING004,stackable-rings-love.html
3072,Rustic Make A Wish Rings - Free,rustic-make-a-wish-rings-free,RING006,stackable-rings-free.html
3076,Rustic Make A Wish Rings - Wisdom,rustic-make-a-wish-rings-wisdom,RING007,stackable-rings-wisdom.html
3080,Rustic Make A Wish Rings - Luck,rustic-make-a-wish-rings-luck,RING008,stackable-rings-luck.html
3083,Geometric Necklace - Black,geometric-necklace-black,NECK006,geometric-necklace-black.html
3091,Charm Bracelet - Blue,charm-bracelet-blue,BRACE012,charm-bracelet-blue.html
3095,Charm Bracelet - White,charm-bracelet-white,BRACE013,charm-bracelet-white.html
3087,Charm Bracelet - Black,charm-bracelet-black,BRACE011,charm-bracelet-black.html
3103,Punk Style Leather Bracelet - Pink,punk-style-leather-bracelet-pink,BRACE016,leather-bracelet-pink.html
3105,Handmade Leather Bracelets - Assorted,handmade-leather-bracelets-assorted,BRACE017,handmade-leather-bracelets.html
3106,Sterling Silver Filled Charm Tag Bracelet,sterling-silver-filled-charm-tag-bracelet,BRACE018,charm-bracelet-silver.html
3110,Chunky Beaded Necklace - Green/Teal,chunky-beaded-necklace-green-teal,BRACE019,beaded-necklace-green.html
3127,Chunky Beaded Necklace - White,chunky-beaded-necklace-white,BRACE024,beaded-necklace-white.html
3114,Chunky Beaded Necklace - Black,chunky-beaded-necklace-black,BRACE020,beaded-necklace-black.html
3118,Chunky Beaded Necklace - Multi Colour,chunky-beaded-necklace-multi-colour,BRACE021,beaded-necklace-multi-colour.html
3122,Chunky Beaded Necklace - Red,chunky-beaded-necklace-red,BRACE022,beaded-necklace-red.html
3123,Chunky Beaded Necklace - Gold,chunky-beaded-necklace-gold,BRACE023,beaded-necklace-gold.html
3131,One Direction Silicone Band  - So In Love With One Direction,one-direction-silicone-band-so-in-love-with-one-direction,BRACE025,silicone-band-so-in-love-with-one-direction.html
3135,One Direction Silicone Band  - You Don't Know You're Beautiful,one-direction-silicone-band-you-don-t-know-you-re-beautiful,BRACE026,silicone-band-you-don-t-know-you-re-beautiful.html
3139,One Direction Silicone Band  - You Got That One Thing,one-direction-silicone-band-you-got-that-one-thing,BRACE027,silicone-band-you-got-that-one-thing.html
3143,One Direction Silicone Band  - That's What Makes You Beautiful,one-direction-silicone-band-that-s-what-makes-you-beautiful,BRACE028,silicone-band-that-s-what-makes-you-beautiful.html
3147,One Direction Silicone Band  - I Love One Direction,one-direction-silicone-band-i-love-one-direction,BRACE029,silicone-band-i-love-one-direction.html
3151,"One Direction Silicone Band  - It's Not An Obsession, It's Dedication",one-direction-silicone-band-it-s-not-an-obsession-it-s-dedication,BRACE030,silicone-band-it-s-not-an-obsession-it-s-dedication.html
3155,One Direction Silicone Band  - I Love Niall,one-direction-silicone-band-i-love-niall,BRACE031,silicone-band-i-love-niall.html
3159,One Direction Silicone Band  - I Love Harry,one-direction-silicone-band-i-love-harry,BRACE032,silicone-band-i-love-harry.html
3163,One Direction Silicone Band  - I Love Liam,one-direction-silicone-band-i-love-liam,BRACE033,silicone-band-i-love-liam.html
3171,One Direction Silicone Band  - I Love Zayn,one-direction-silicone-band-i-love-zayn,BRACE035,silicone-band-i-love-zayn.html
3167,One Direction Silicone Band  - I Love Louise,one-direction-silicone-band-i-love-louise,BRACE034,silicone-band-i-love-louise.html
3352,Feather Earrings  - Pink,feather-earrings-pink,EAR007,feather-earrings-pink.html
3182,Sterling Silver Hoop Earrings,sterling-silver-hoop-earrings,EAR003,double-layer-silver-hoop-earrings-silver.html
3178,Gold Chain Necklace,gold-chain-necklace,BRACE036,chain-necklace-gold.html
3185,Sterling Silver Hoop Earrings,sterling-silver-hoop-earrings-2,EAR004,big-hoop-earrings-silver.html
3202,Nail Stickers - Solid Silver,nail-stickers-solid-silver,NAIL025,nail-stickers-solid-silver.html
3204,All In One Bracelet - Red,all-in-one-bracelet-red,BRACE037,all-in-one-bracelet-red.html
3208,All In One Bracelet - Blue,all-in-one-bracelet-blue,BRACE038,all-in-one-bracelet-blue.html
3212,Leather Bracelet Wrist Watch - Green,leather-bracelet-wrist-watch-green,BRACE039,leather-bracelet-wrist-watch-green.html
3216,Assorted Nail Stickers - Assorted 2pk,assorted-nail-stickers-assorted-2pk,NAIL026,assorted-nail-stickers-2-pack-assorted.html
3226,Graduated Drop Necklace - Silver,graduated-drop-necklace-silver,NECK007,graduated-drop-necklace-silver.html
3228,Two Way Nail Art - Black,two-way-nail-art-black,NAIL001,two-way-nail-art-black.html
3230,Two Way Nail Art - Lavender,two-way-nail-art-lavender,NAIL002,two-way-nail-art-lavender.html
3231,Two Way Nail Art - White,two-way-nail-art-white,NAIL003,two-way-nail-art-white.html
3233,Two Way Nail Art - Maroon,two-way-nail-art-maroon,NAIL004,two-way-nail-art-maroon.html
3235,Two Way Nail Art - Lilac,two-way-nail-art-lilac,NAIL005,two-way-nail-art-lilac.html
3236,Two Way Nail Art - Red,two-way-nail-art-red,NAIL006,two-way-nail-art-red.html
3238,Two Way Nail Art - Green,two-way-nail-art-green,NAIL007,two-way-nail-art-green.html
3239,Two Way Nail Art - Light Pink,two-way-nail-art-light-pink,NAIL008,two-way-nail-art-light-pink.html
3240,Two Way Nail Art - Rust Orange,two-way-nail-art-rust-orange,NAIL009,two-way-nail-art-rust-orange.html
3241,Two Way Nail Art - Emerald Green,two-way-nail-art-emerald-green,NAIL010,two-way-nail-art-emerald-green.html
3242,Two Way Nail Art - Dark Pink,two-way-nail-art-dark-pink,NAIL011,two-way-nail-art-dark-pink.html
3243,Two Way Nail Art - Brown,two-way-nail-art-brown,NAIL012,two-way-nail-art-brown.html
3244,Two Way Nail Art - Silver Glitter,two-way-nail-art-silver-glitter,NAIL013,two-way-nail-art-silver-glitter.html
3246,Two Way Nail Art - Yellow,two-way-nail-art-yellow,NAIL014,two-way-nail-art-yellow.html
3248,Two Way Nail Art - Peach,two-way-nail-art-peach,NAIL015,two-way-nail-art-peach.html
3249,Two Way Nail Art - Dark Brown,two-way-nail-art-dark-brown,NAIL016,two-way-nail-art-dark-brown.html
3250,Two Way Nail Art - Turquoise,two-way-nail-art-turquoise,NAIL017,two-way-nail-art-turquoise.html
3251,Bohemian Style Beaded Bracelet - Yellow,bohemian-style-beaded-bracelet-yellow,BRACE001,bohemian-multi-layer-bracelet-yellow.html
3255,Bohemian Style Beaded Bracelet - Green,bohemian-style-beaded-bracelet-green,BRACE002,bohemian-multi-layer-bracelet-green.html
3259,Bohemian Style Beaded Bracelet - Blue,bohemian-style-beaded-bracelet-blue,BRACE003,bohemian-multi-layer-bracelet-blue.html
3263,Bohemian Style Beaded Bracelet  - Pink,bohemian-style-beaded-bracelet-pink,BRACE004,bohemian-multi-layer-bracelet-pink.html
3267,Bohemian Style Beaded Bracelet - Purple,bohemian-style-beaded-bracelet-purple,BRACE005,bohemian-multi-layer-bracelet-purple.html
3271,Bohemian Anchor Bracelet - Baby Pink,bohemian-anchor-bracelet-baby-pink,BRACE006,bohemian-anchor-bracelet-baby-pink.html
3275,Bohemian Anchor Bracelet - Pink,bohemian-anchor-bracelet-pink,BRACE007,bohemian-anchor-bracelet-pink.html
3283,Bohemian Anchor Bracelet - Black,bohemian-anchor-bracelet-black,BRACE009,bohemian-anchor-bracelet-black.html
3287,Rhinestone Choker - Lime Green,rhinestone-choker-lime-green,NECK001,rhinestone-choker-lime-green.html
3292,Rhinestone Choker - Yellow,rhinestone-choker-yellow,NECK002,rhinestone-choker-yellow.html
3296,Rhinestone Choker - Black,rhinestone-choker-black,NECK003,rhinestone-choker-black.html
3300,Rhinestone Choker - Turquoise,rhinestone-choker-turquoise,NECK004,rhinestone-choker-turquoise.html
3304,Layered Chain Necklace,layered-chain-necklace,NECK005,multi-layer-casual-chain.html
3308,Sterling Silver Tear Drop Earrings - Silver ,sterling-silver-tear-drop-earrings-silver,EAR001,sterling-silver-tear-drop-earrings.html
3312,Triple Band Ring - Silver,triple-band-ring-silver,RING001,triple-band-ring.html
3315,Starfish Charm Bracelet,starfish-charm-bracelet,BRACE010,starfish-charm-bracelet.html
3319,Candy Coloured Geometrical Drop Pendants - Blue,candy-coloured-geometrical-drop-pendants-blue,NECK008,candy-coloured-pendants-blue.html
3323,Candy Coloured Geometrical Drop Pendants - Orange,candy-coloured-geometrical-drop-pendants-orange,NECK009,candy-coloured-pendants-orange.html
3327,Candy Coloured Geometrical Drop Pendants - Pink,candy-coloured-geometrical-drop-pendants-pink,NECK010,candy-coloured-pendants-pink.html
3331,Candy Coloured Geometrical Drop Pendants - White,candy-coloured-geometrical-drop-pendants-white,NECK011,candy-coloured-pendants-white.html
3336,Candy Coloured Geometrical Drop Pendants - Green,candy-coloured-geometrical-drop-pendants-green,NECK012,candy-coloured-pendants-green.html
3344,Big Bubble Beaded Necklace - Multi Color,big-bubble-beaded-necklace-multi-color,NECK018,bubble-beaded-necklace-multi-color.html
3357,Feather Earrings  - Black,feather-earrings-black,EAR010,feather-earrings-black.html
3363,Feather Earrings  - Red,feather-earrings-red,EAR013,feather-earrings-red.html
3359,Feather Earrings  - Purple,feather-earrings-purple,EAR011,feather-earrings-purple.html
3361,Feather Earrings  - Green,feather-earrings-green,EAR012,feather-earrings-green.html
3367,Feather Earrings  - Brown,feather-earrings-brown,EAR015,feather-earrings-brown.html
3391,Authentic Handmade Bag (Large) - Purple,authentic-handmade-bag-large-purple,BAG010,handmade-bags-large-purple.html
3385,Authentic Handmade Bag  - Green,authentic-handmade-bag-green,BAG007,handmade-bags-green.html
3371,2 Broke Girls Inspired Necklace - Pearl,2-broke-girls-inspired-necklace-pearl,NECK019,2-broke-girls-inspired-necklace-pearl.html
3082,Mood Rings - Colour Changing,mood-rings-colour-changing,RING009,mood-rings-colour-changing.html
3222,Gemstone Ring - Gemstone,gemstone-ring-gemstone,RING010,gemstone-ring-gemstone.html
3345,Feather Earrings  - White,feather-earrings-white,EAR005,feather-earrings-white.html
3401,Basic Party Dress in Black - Large,basic-party-dress-in-black-large,BLDRS003,basic-party-dress-black-large.html
3400,Basic Party Dress in Black - Medium,basic-party-dress-in-black-medium,BLDRS002,basic-party-dress-black-medium.html
3399,Basic Party Dress in Black - Small,basic-party-dress-in-black-small,BLDRS001,basic-party-dress-black-small.html
3412,Black Strapless Party Dress - Medium,black-strapless-party-dress-medium,BBDRS002,black-strapless-party-dress-medium.html
3411,Black Strapless Party Dress - Small,black-strapless-party-dress-small,BBDRS001,black-strapless-party-dress-small.html
3398,Ruffled Leopard Print Skater Dress - Large,ruffled-leopard-print-skater-dress-large,LDDRS002,ruffled-leopard-print-skater-dress-large.html
3397,Ruffled Leopard Print Skater Dress - Small,ruffled-leopard-print-skater-dress-small,LDDRS001,ruffled-leopard-print-skater-dress-small.html
3424,Midnight Magic Lace Dressin Black - Small,midnight-magic-lace-dressin-black-small,SBDRS001,midnight-magic-lace-dress-black-small.html
3425,Midnight Magic Lace Dress in Black - Medium ,midnight-magic-lace-dress-in-black-medium,SBDRS002,midnight-magic-lace-dress-black-medium.html
3426,Midnight Magic Lace Dress in Black - Large,midnight-magic-lace-dress-in-black-large,SBDRS003,midnight-magic-lace-dress-black-large.html
3439,Sexy Black Beach Dress - Small,sexy-black-beach-dress-small,BDDRS001,sexy-black-beach-dress-small.html
3440,Sexy Black Beach Dress - Medium,sexy-black-beach-dress-medium,BDDRS002,sexy-black-beach-dress-medium.html
3441,Sexy Black Beach Dress - Large,sexy-black-beach-dress-large,BDDRS003,sexy-black-beach-dress-large.html
3387,Authentic Handmade Bag  - Grey,authentic-handmade-bag-grey,BAG008,handmade-bags-grey.html
3389,Authentic Handmade Bag (Large) - Pink,authentic-handmade-bag-large-pink,BAG009,handmade-bags-large-pink.html
3383,Authentic Handmade Bag  - Maroon,authentic-handmade-bag-maroon,BAG006,handmade-bags-maroon.html
3381,Authentic Handmade Bag (Mini) - Yellow,authentic-handmade-bag-mini-yellow,BAG004,handmade-bags-mini-yellow.html
3379,Authentic Handmade Bag (Mini) - Brown,authentic-handmade-bag-mini-brown,BAG003,handmade-bags-mini-brown.html
3377,Authentic Handmade Bag (Mini) - Pink,authentic-handmade-bag-mini-pink,BAG002,handmade-bags-mini-pink.html
3375,Authentic Handmade Bag (Mini) - Green,authentic-handmade-bag-mini-green,BAG001,handmade-bags-mini-green.html
3476,New fashion two different earrings top hat and boot,new-fashion-two-different-earrings-top-hat-and-boot,THB001,two-different-earrings.html
3393,Small (8-10),small-8-10,ADDRS001,small.html
3396,Medium (10-12),medium-10-12,ADDRS002,small-335.html
3460,Women's casual dangling earrings,women-s-casual-dangling-earrings,CDE001,women-s-casual-dangling-earrings.html
3452,5 X Assorted One Direction Silicon Bands,5-x-assorted-one-direction-silicon-bands,ONED001,5-x-assorted-one-direction-silicon-bands.html
3448,SKYBLUE Universal Magnetic PU Leather Case Cover 7 Inch,skyblue-universal-magnetic-pu-leather-case-cover-7-inch,CASE001,sky-blue-universal-magnetic-pu-leather-case-cover-stand-7-inch-tablet-android-pc.html
3456,Fun Rainbow Loom Band Kit-EBAY,fun-rainbow-loom-band-kit-ebay,LOOM002,fun-rainbow-loom-band-kit-ebay.html
3468,Women's retro vintage dangling earrings red,women-s-retro-vintage-dangling-earrings-red,VER001,vintage-earrings-red.html
3474,Women's punk style silver earrings,women-s-punk-style-silver-earrings,PSE001,punk-earrings-silver.html
3472,Women's beautiful bow shaped earrings gold,women-s-beautiful-bow-shaped-earrings-gold,BEG001,women-s-beautiful-bow-shaped-earrings-gold.html
3470,Women's vintage style dangling earrings orange,women-s-vintage-style-dangling-earrings-orange,VSO001,vintage-earrings-orange.html
3458,Women's elegant black and gold dangle earrings,women-s-elegant-black-and-gold-dangle-earrings,EBG001,dangle-earrings.html
3466,Women's casual half hoop earrings - Yellow,women-s-casual-half-hoop-earrings-yellow,HHY001,hoop-earring-yellow.html
3464,Women's casual half hoop earrings - Blue,women-s-casual-half-hoop-earrings-blue,HHB001,hoop-earring-blue.html
3462,Women's casual half hoop earrings - Pink,women-s-casual-half-hoop-earrings-pink,HHP001,women-s-casual-half-hoop-earrings-pink.html
3450,Fun Rainbow Loom Band Kit,fun-rainbow-loom-band-kit,LOOM001,fun-rainbow-loom-band-kit.html
3355,Feather Earrings  - Orange,feather-earrings-orange,EAR009,feather-earrings-orange.html
3340,Big Bubble Beaded Necklace - Blue,big-bubble-beaded-necklace-blue,NECK014,bubble-beaded-necklace-blue.html
3350,Feather Earrings  - Blue,feather-earrings-blue,EAR006,feather-earrings-blue.html
3353,Feather Earrings  - Yellow,feather-earrings-yellow,EAR008,feather-earrings-yellow.html
3339,Big Bubble Beaded Necklace - Yellow,big-bubble-beaded-necklace-yellow,NECK013,bubble-beaded-necklace-yellow.html
3365,Feather Earrings  - Peach,feather-earrings-peach,EAR014,feather-earrings-peach.html
3341,Big Bubble Beaded Necklace - Baby Blue,big-bubble-beaded-necklace-baby-blue,NECK015,bubble-beaded-necklace-baby-blue.html
3342,Big Bubble Beaded Necklace - Green,big-bubble-beaded-necklace-green,NECK016,bubble-beaded-necklace-green.html
3343,Big Bubble Beaded Necklace - Red,big-bubble-beaded-necklace-red,NECK017,bubble-beaded-necklace-red.html
3196,Nail Stickers - Patchy Silver,nail-stickers-patchy-silver,NAIL022,nail-stickers-patchy-silver.html
3191,Nail Stickers - Silver Polka Dot,nail-stickers-silver-polka-dot,NAIL019,nail-stickers-silver-polka-dot.html
3193,Nail Stickers - Hearts & Kisses,nail-stickers-hearts-kisses,NAIL020,nail-stickers-hearts-kisses.html
3101,Punk Style Leather Bracelet - Black,punk-style-leather-bracelet-black,BRACE015,leather-bracelet-black.html
3099,Punk Style Leather Bracelet - White,punk-style-leather-bracelet-white,BRACE014,multi-layer-leather-bracelet-white.html
3194,Nail Stickers - Gold Stripes,nail-stickers-gold-stripes,NAIL021,nail-stickers-gold-stripes.html
3198,Nail Stickers - Patchy Gold,nail-stickers-patchy-gold,NAIL023,nail-stickers-patchy-gold.html
3200,Nail Stickers - Silver Roses,nail-stickers-silver-roses,NAIL024,nail-stickers-silver-roses.html
3189,Nail Stickers - Skulls,nail-stickers-skulls,NAIL018,nail-stickers-skulls.html
